{"0": "train/1.tif", "1": "train/2.tif", "2": "train/3.tif", "3": "train/4.tif", "4": "train/5.tif", "5": "train/6.tif", "6": "train/7.tif", "7": "train/8.tif", "8": "train/9.tif", "9": "train/10.tif", "10": "train/11.tif", "11": "train/12.tif", "12": "train/13.tif", "13": "train/14.tif", "14": "train/15.tif", "15": "train/16.tif", "16": "train/17.tif", "17": "train/18.tif", "18": "train/19.tif", "19": "train/20.tif", "20": "train/21.tif", "21": "train/22.tif", "22": "train/23.tif", "23": "train/24.tif", "24": "train/25.tif", "25": "train/26.tif", "26": "train/27.tif", "27": "train/28.tif", "28": "train/29.tif", "29": "train/30.tif", "30": "train/31.tif", "31": "train/32.tif", "32": "train/33.tif", "33": "train/34.tif", "34": "train/35.tif", "35": "train/36.tif", "36": "train/37.tif", "37": "train/38.tif", "38": "train/39.tif", "39": "train/40.tif", "40": "train/41.tif", "41": "train/42.tif", "42": "train/43.tif", "43": "train/44.tif", "44": "train/45.tif", "45": "train/46.tif", "46": "train/47.tif", "47": "train/48.tif", "48": "train/49.tif", "49": "train/50.tif", "50": "train/51.tif", "51": "train/52.tif", "52": "train/53.tif", "53": "train/54.tif", "54": "train/55.tif", "55": "train/56.tif", "56": "train/57.tif", "57": "train/58.tif", "58": "train/59.tif", "59": "train/60.tif", "60": "train/61.tif", "61": "train/62.tif", "62": "train/63.tif", "63": "train/64.tif", "64": "train/65.tif", "65": "train/66.tif", "66": "train/67.tif", "67": "train/68.tif", "68": "train/69.tif", "69": "train/70.tif", "70": "train/71.tif", "71": "train/72.tif", "72": "train/73.tif", "73": "train/74.tif", "74": "train/75.tif", "75": "train/76.tif", "76": "train/77.tif", "77": "train/78.tif", "78": "train/79.tif", "79": "train/80.tif", "80": "train/81.tif", "81": "train/82.tif", "82": "train/83.tif", "83": "train/84.tif", "84": "train/85.tif", "85": "train/86.tif", "86": "train/87.tif", "87": "train/88.tif", "88": "train/89.tif", "89": "train/90.tif", "90": "train/91.tif", "91": "train/92.tif", "92": "train/93.tif", "93": "train/94.tif", "94": "train/95.tif", "95": "train/96.tif", "96": "train/97.tif", "97": "train/98.tif", "98": "train/99.tif", "99": "train/100.tif", "100": "train/101.tif", "101": "train/102.tif", "102": "train/103.tif", "103": "train/104.tif", "104": "train/105.tif", "105": "train/106.tif", "106": "train/107.tif", "107": "train/108.tif", "108": "train/109.tif", "109": "train/110.tif", "110": "train/111.tif", "111": "train/112.tif", "112": "train/113.tif", "113": "train/114.tif", "114": "train/115.tif", "115": "train/116.tif", "116": "train/117.tif", "117": "train/118.tif", "118": "train/119.tif", "119": "train/120.tif", "120": "train/121.tif", "121": "train/122.tif", "122": "train/123.tif", "123": "train/124.tif", "124": "train/125.tif", "125": "train/126.tif", "126": "train/127.tif", "127": "train/128.tif", "128": "train/129.tif", "129": "train/130.tif", "130": "train/131.tif", "131": "train/132.tif", "132": "train/133.tif", "133": "train/134.tif", "134": "train/135.tif", "135": "train/136.tif", "136": "train/137.tif", "137": "train/138.tif", "138": "train/139.tif", "139": "train/140.tif", "140": "train/141.tif", "141": "train/142.tif", "142": "train/143.tif", "143": "train/144.tif", "144": "train/145.tif", "145": "train/146.tif", "146": "train/147.tif", "147": "train/148.tif", "148": "train/149.tif", "149": "train/150.tif", "150": "train/151.tif", "151": "train/152.tif", "152": "train/153.tif", "153": "train/154.tif", "154": "train/155.tif", "155": "train/156.tif", "156": "train/157.tif", "157": "train/158.tif", "158": "train/159.tif", "159": "train/160.tif", "160": "train/161.tif", "161": "train/162.tif", "162": "train/163.tif", "163": "train/164.tif", "164": "train/165.tif", "165": "train/166.tif", "166": "train/167.tif", "167": "train/168.tif", "168": "train/169.tif", "169": "train/170.tif", "170": "train/171.tif", "171": "train/172.tif", "172": "train/173.tif", "173": "train/174.tif", "174": "train/175.tif", "175": "train/176.tif", "176": "train/177.tif", "177": "train/178.tif", "178": "train/179.tif", "179": "train/180.tif", "180": "train/181.tif", "181": "train/182.tif", "182": "train/183.tif", "183": "train/184.tif", "184": "train/185.tif", "185": "train/186.tif", "186": "train/187.tif", "187": "train/188.tif", "188": "train/189.tif", "189": "train/190.tif", "190": "train/191.tif", "191": "train/192.tif", "192": "train/193.tif", "193": "train/194.tif", "242": "train/243.tif", "243": "train/244.tif", "244": "train/245.tif", "245": "train/246.tif", "246": "train/247.tif", "247": "train/248.tif", "248": "train/249.tif", "249": "train/250.tif", "250": "train/251.tif", "251": "train/252.tif", "252": "train/253.tif", "253": "train/254.tif", "254": "train/255.tif", "255": "train/256.tif", "256": "train/257.tif", "257": "train/258.tif", "258": "train/259.tif", "259": "train/260.tif", "260": "train/261.tif", "261": "train/262.tif", "264": "train/265.tif", "265": "train/266.tif", "266": "train/267.tif", "267": "train/268.tif", "268": "train/269.tif", "269": "train/270.tif", "270": "train/271.tif", "271": "train/272.tif", "272": "train/273.tif", "273": "train/274.tif", "274": "train/275.tif", "275": "train/276.tif", "276": "train/277.tif", "277": "train/278.tif", "278": "train/279.tif", "279": "train/280.tif", "280": "train/281.tif", "281": "train/282.tif", "282": "train/283.tif", "283": "train/284.tif", "284": "train/285.tif", "285": "train/286.tif", "286": "train/287.tif", "287": "train/288.tif", "288": "train/289.tif", "289": "train/290.tif", "290": "train/291.tif", "291": "train/292.tif", "292": "train/293.tif", "293": "train/294.tif", "294": "train/295.tif", "295": "train/296.tif", "296": "train/297.tif", "297": "train/298.tif", "298": "train/299.tif", "299": "train/300.tif", "300": "train/301.tif", "301": "train/302.tif", "302": "train/303.tif", "303": "train/304.tif", "314": "train/315.tif", "315": "train/316.tif", "316": "train/317.tif", "317": "train/318.tif", "318": "train/319.tif", "319": "train/320.tif", "320": "train/321.tif", "321": "train/322.tif", "322": "train/323.tif", "323": "train/324.tif", "324": "train/325.tif", "325": "train/326.tif", "326": "train/327.tif", "327": "train/328.tif", "328": "train/329.tif", "329": "train/330.tif", "330": "train/331.tif", "331": "train/332.tif", "332": "train/333.tif", "333": "train/334.tif", "334": "train/335.tif", "335": "train/336.tif", "336": "train/337.tif", "337": "train/338.tif", "338": "train/339.tif", "339": "train/340.tif", "340": "train/341.tif", "341": "train/342.tif", "342": "train/343.tif", "343": "train/344.tif", "344": "train/345.tif", "345": "train/346.tif", "346": "train/347.tif", "347": "train/348.tif", "348": "train/349.tif", "349": "train/350.tif", "350": "train/351.tif", "359": "train/360.tif", "360": "train/361.tif", "361": "train/362.tif", "362": "train/363.tif", "363": "train/364.tif", "364": "train/365.tif", "365": "train/366.tif", "366": "train/367.tif", "367": "train/368.tif", "368": "train/369.tif", "369": "train/370.tif", "370": "train/371.tif", "371": "train/372.tif", "372": "train/373.tif", "373": "train/374.tif", "374": "train/375.tif", "375": "train/376.tif", "376": "train/377.tif", "377": "train/378.tif", "378": "train/379.tif", "379": "train/380.tif", "380": "train/381.tif", "381": "train/382.tif", "382": "train/383.tif", "383": "train/384.tif", "384": "train/385.tif", "385": "train/386.tif", "386": "train/387.tif", "387": "train/388.tif", "388": "train/389.tif", "389": "train/390.tif", "390": "train/391.tif", "391": "train/392.tif", "392": "train/393.tif", "393": "train/394.tif", "394": "train/395.tif", "395": "train/396.tif", "396": "train/397.tif", "397": "train/398.tif", "398": "train/399.tif", "399": "train/400.tif", "400": "train/401.tif", "401": "train/402.tif", "402": "train/403.tif", "403": "train/404.tif", "404": "train/405.tif", "405": "train/406.tif", "406": "train/407.tif", "407": "train/408.tif", "408": "train/409.tif", "409": "train/410.tif", "410": "train/411.tif", "411": "train/412.tif", "412": "train/413.tif", "413": "train/414.tif", "414": "train/415.tif", "415": "train/416.tif", "416": "train/417.tif", "417": "train/418.tif", "418": "train/419.tif", "419": "train/420.tif", "420": "train/421.tif", "421": "train/422.tif", "422": "train/423.tif", "423": "train/424.tif", "424": "train/425.tif", "425": "train/426.tif", "426": "train/427.tif", "427": "train/428.tif", "428": "train/429.tif", "429": "train/430.tif", "430": "train/431.tif", "431": "train/432.tif", "432": "train/433.tif", "451": "train/452.tif", "452": "train/453.tif", "453": "train/454.tif", "454": "train/455.tif", "455": "train/456.tif", "456": "train/457.tif", "457": "train/458.tif", "458": "train/459.tif", "459": "train/460.tif", "460": "train/461.tif", "461": "train/462.tif", "462": "train/463.tif", "463": "train/464.tif", "464": "train/465.tif", "465": "train/466.tif", "466": "train/467.tif", "467": "train/468.tif", "468": "train/469.tif", "469": "train/470.tif", "470": "train/471.tif", "471": "train/472.tif", "472": "train/473.tif", "473": "train/474.tif", "474": "train/475.tif", "475": "train/476.tif", "476": "train/477.tif", "477": "train/478.tif", "478": "train/479.tif", "479": "train/480.tif", "480": "train/481.tif", "481": "train/482.tif", "482": "train/483.tif", "483": "train/484.tif", "484": "train/485.tif", "485": "train/486.tif", "486": "train/487.tif", "487": "train/488.tif", "488": "train/489.tif", "489": "train/490.tif", "490": "train/491.tif", "491": "train/492.tif", "492": "train/493.tif", "493": "train/494.tif", "494": "train/495.tif", "495": "train/496.tif", "496": "train/497.tif", "497": "train/498.tif", "498": "train/499.tif", "499": "train/500.tif", "500": "train/501.tif", "501": "train/502.tif", "502": "train/503.tif", "503": "train/504.tif", "504": "train/505.tif", "505": "train/506.tif", "506": "train/507.tif", "507": "train/508.tif", "508": "train/509.tif", "509": "train/510.tif", "510": "train/511.tif", "511": "train/512.tif", "512": "train/513.tif", "513": "train/514.tif", "514": "train/515.tif", "515": "train/516.tif", "516": "train/517.tif", "517": "train/518.tif", "518": "train/519.tif", "519": "train/520.tif", "520": "train/521.tif", "521": "train/522.tif", "522": "train/523.tif", "523": "train/524.tif", "524": "train/525.tif", "525": "train/526.tif", "526": "train/527.tif", "527": "train/528.tif", "528": "train/529.tif", "547": "train/548.tif", "548": "train/549.tif", "549": "train/550.tif", "550": "train/551.tif", "551": "train/552.tif", "552": "train/553.tif", "553": "train/554.tif", "554": "train/555.tif", "555": "train/556.tif", "556": "train/557.tif", "557": "train/558.tif", "558": "train/559.tif", "559": "train/560.tif", "560": "train/561.tif", "561": "train/562.tif", "562": "train/563.tif", "563": "train/564.tif", "564": "train/565.tif", "565": "train/566.tif", "566": "train/567.tif", "567": "train/568.tif", "568": "train/569.tif", "569": "train/570.tif", "570": "train/571.tif", "571": "train/572.tif", "572": "train/573.tif", "573": "train/574.tif", "574": "train/575.tif", "575": "train/576.tif", "576": "train/577.tif", "577": "train/578.tif", "578": "train/579.tif", "579": "train/580.tif", "580": "train/581.tif", "581": "train/582.tif", "582": "train/583.tif", "583": "train/584.tif", "584": "train/585.tif", "585": "train/586.tif", "586": "train/587.tif", "587": "train/588.tif", "588": "train/589.tif", "589": "train/590.tif", "590": "train/591.tif", "591": "train/592.tif", "592": "train/593.tif", "593": "train/594.tif", "594": "train/595.tif", "595": "train/596.tif", "596": "train/597.tif", "597": "train/598.tif", "598": "train/599.tif", "599": "train/600.tif", "600": "train/601.tif"}